id,indicator_code,spatial_dim_type,iso_code,time_dim_type,region_code,region,dim1type,year,dim1,dim2type,dim2,dim3type,dim3,data_source_dim_type,data_source_dim,value,numeric_value,low,high,comments,date,time_dimension_value,time_dimension_begin,time_dimension_end,country,indicator_name,language,title
8336018,DEVICES20,COUNTRY,KGZ,YEAR,EUR,Europe,NA,2010,NA,NA,NA,NA,NA,NA,NA,No,0,NA,NA,NA,2013-06-11T14:01:25+02:00,2010,2010-01-01T00:00:00+01:00,2010-12-31T00:00:00+01:00,Kyrgyzstan,Availability of technical specifications of medical devices to support procurement or donations,EN,NA
6649878,DEVICES20,COUNTRY,BIH,YEAR,EUR,Europe,NA,2010,NA,NA,NA,NA,NA,NA,NA,No,0,NA,NA,NA,2013-06-11T14:01:25+02:00,2010,2010-01-01T00:00:00+01:00,2010-12-31T00:00:00+01:00,Bosnia and Herzegovina,Availability of technical specifications of medical devices to support procurement or donations,EN,NA
9351896,DEVICES20,COUNTRY,EST,YEAR,EUR,Europe,NA,2010,NA,NA,NA,NA,NA,NA,NA,No,0,NA,NA,NA,2013-06-11T14:01:25+02:00,2010,2010-01-01T00:00:00+01:00,2010-12-31T00:00:00+01:00,Estonia,Availability of technical specifications of medical devices to support procurement or donations,EN,NA
9418213,DEVICES20,COUNTRY,ARG,YEAR,AMR,Americas,NA,2010,NA,NA,NA,NA,NA,NA,NA,No,0,NA,NA,NA,2013-06-11T14:01:25+02:00,2010,2010-01-01T00:00:00+01:00,2010-12-31T00:00:00+01:00,Argentina,Availability of technical specifications of medical devices to support procurement or donations,EN,NA
8070941,DEVICES20,COUNTRY,MNG,YEAR,WPR,Western Pacific,NA,2010,NA,NA,NA,NA,NA,NA,NA,No,0,NA,NA,NA,2013-06-11T14:01:25+02:00,2010,2010-01-01T00:00:00+01:00,2010-12-31T00:00:00+01:00,Mongolia,Availability of technical specifications of medical devices to support procurement or donations,EN,NA
6305092,DEVICES20,COUNTRY,SYC,YEAR,AFR,Africa,NA,2010,NA,NA,NA,NA,NA,NA,NA,No,0,NA,NA,NA,2013-06-11T14:01:25+02:00,2010,2010-01-01T00:00:00+01:00,2010-12-31T00:00:00+01:00,Seychelles,Availability of technical specifications of medical devices to support procurement or donations,EN,NA
3581998,DEVICES20,COUNTRY,NAM,YEAR,AFR,Africa,NA,2010,NA,NA,NA,NA,NA,NA,NA,No,0,NA,NA,NA,2013-06-11T14:01:25+02:00,2010,2010-01-01T00:00:00+01:00,2010-12-31T00:00:00+01:00,Namibia,Availability of technical specifications of medical devices to support procurement or donations,EN,NA
4494046,DEVICES20,COUNTRY,CAF,YEAR,AFR,Africa,NA,2010,NA,NA,NA,NA,NA,NA,NA,No,0,NA,NA,NA,2013-06-11T14:01:25+02:00,2010,2010-01-01T00:00:00+01:00,2010-12-31T00:00:00+01:00,Central African Republic,Availability of technical specifications of medical devices to support procurement or donations,EN,NA
6557181,DEVICES20,COUNTRY,JPN,YEAR,WPR,Western Pacific,NA,2010,NA,NA,NA,NA,NA,NA,NA,No,0,NA,NA,NA,2013-06-11T14:01:25+02:00,2010,2010-01-01T00:00:00+01:00,2010-12-31T00:00:00+01:00,Japan,Availability of technical specifications of medical devices to support procurement or donations,EN,NA
7991510,DEVICES20,COUNTRY,BGD,YEAR,SEAR,South-East Asia,NA,2010,NA,NA,NA,NA,NA,NA,NA,Yes,0,NA,NA,NA,2013-06-11T14:01:25+02:00,2010,2010-01-01T00:00:00+01:00,2010-12-31T00:00:00+01:00,Bangladesh,Availability of technical specifications of medical devices to support procurement or donations,EN,NA
471633,DEVICES20,COUNTRY,BOL,YEAR,AMR,Americas,NA,2010,NA,NA,NA,NA,NA,NA,NA,Yes,0,NA,NA,NA,2013-06-11T14:01:25+02:00,2010,2010-01-01T00:00:00+01:00,2010-12-31T00:00:00+01:00,Bolivia (Plurinational State of),Availability of technical specifications of medical devices to support procurement or donations,EN,NA
558090,DEVICES20,COUNTRY,BRN,YEAR,WPR,Western Pacific,NA,2010,NA,NA,NA,NA,NA,NA,NA,Yes but not publically available,0,NA,NA,NA,2013-06-11T14:01:25+02:00,2010,2010-01-01T00:00:00+01:00,2010-12-31T00:00:00+01:00,Brunei Darussalam,Availability of technical specifications of medical devices to support procurement or donations,EN,NA
6577331,DEVICES20,COUNTRY,KHM,YEAR,WPR,Western Pacific,NA,2010,NA,NA,NA,NA,NA,NA,NA,Yes,0,NA,NA,NA,2013-06-11T14:01:25+02:00,2010,2010-01-01T00:00:00+01:00,2010-12-31T00:00:00+01:00,Cambodia,Availability of technical specifications of medical devices to support procurement or donations,EN,NA
4155716,DEVICES20,COUNTRY,GTM,YEAR,AMR,Americas,NA,2010,NA,NA,NA,NA,NA,NA,NA,No,0,NA,NA,NA,2013-06-11T14:01:25+02:00,2010,2010-01-01T00:00:00+01:00,2010-12-31T00:00:00+01:00,Guatemala,Availability of technical specifications of medical devices to support procurement or donations,EN,NA
1267832,DEVICES20,COUNTRY,TUN,YEAR,EMR,Eastern Mediterranean,NA,2010,NA,NA,NA,NA,NA,NA,NA,Yes but not publically available,0,NA,NA,NA,2013-06-11T14:01:25+02:00,2010,2010-01-01T00:00:00+01:00,2010-12-31T00:00:00+01:00,Tunisia,Availability of technical specifications of medical devices to support procurement or donations,EN,NA
7022629,DEVICES20,COUNTRY,MNE,YEAR,EUR,Europe,NA,2010,NA,NA,NA,NA,NA,NA,NA,Yes but not publically available,0,NA,NA,NA,2013-06-11T14:01:25+02:00,2010,2010-01-01T00:00:00+01:00,2010-12-31T00:00:00+01:00,Montenegro,Availability of technical specifications of medical devices to support procurement or donations,EN,NA
2382113,DEVICES20,COUNTRY,ISL,YEAR,EUR,Europe,NA,2010,NA,NA,NA,NA,NA,NA,NA,No,0,NA,NA,NA,2013-06-11T14:01:25+02:00,2010,2010-01-01T00:00:00+01:00,2010-12-31T00:00:00+01:00,Iceland,Availability of technical specifications of medical devices to support procurement or donations,EN,NA
8290184,DEVICES20,COUNTRY,MCO,YEAR,EUR,Europe,NA,2010,NA,NA,NA,NA,NA,NA,NA,Yes,0,NA,NA,NA,2013-06-11T14:01:25+02:00,2010,2010-01-01T00:00:00+01:00,2010-12-31T00:00:00+01:00,Monaco,Availability of technical specifications of medical devices to support procurement or donations,EN,NA
7486441,DEVICES20,COUNTRY,MWI,YEAR,AFR,Africa,NA,2010,NA,NA,NA,NA,NA,NA,NA,Yes,0,NA,NA,NA,2013-06-11T14:01:25+02:00,2010,2010-01-01T00:00:00+01:00,2010-12-31T00:00:00+01:00,Malawi,Availability of technical specifications of medical devices to support procurement or donations,EN,NA
1068591,DEVICES20,COUNTRY,MDA,YEAR,EUR,Europe,NA,2010,NA,NA,NA,NA,NA,NA,NA,Yes,0,NA,NA,NA,2013-06-11T14:01:25+02:00,2010,2010-01-01T00:00:00+01:00,2010-12-31T00:00:00+01:00,Republic of Moldova,Availability of technical specifications of medical devices to support procurement or donations,EN,NA
3990200,DEVICES20,COUNTRY,ZMB,YEAR,AFR,Africa,NA,2010,NA,NA,NA,NA,NA,NA,NA,Yes,0,NA,NA,NA,2013-06-11T14:01:25+02:00,2010,2010-01-01T00:00:00+01:00,2010-12-31T00:00:00+01:00,Zambia,Availability of technical specifications of medical devices to support procurement or donations,EN,NA
4195874,DEVICES20,COUNTRY,ROU,YEAR,EUR,Europe,NA,2010,NA,NA,NA,NA,NA,NA,NA,No,0,NA,NA,NA,2013-06-11T14:01:25+02:00,2010,2010-01-01T00:00:00+01:00,2010-12-31T00:00:00+01:00,Romania,Availability of technical specifications of medical devices to support procurement or donations,EN,NA
2726907,DEVICES20,COUNTRY,BRB,YEAR,AMR,Americas,NA,2010,NA,NA,NA,NA,NA,NA,NA,Yes but not publically available,0,NA,NA,NA,2013-06-11T14:01:25+02:00,2010,2010-01-01T00:00:00+01:00,2010-12-31T00:00:00+01:00,Barbados,Availability of technical specifications of medical devices to support procurement or donations,EN,NA
7334041,DEVICES20,COUNTRY,MLT,YEAR,EUR,Europe,NA,2010,NA,NA,NA,NA,NA,NA,NA,No,0,NA,NA,NA,2013-06-11T14:01:25+02:00,2010,2010-01-01T00:00:00+01:00,2010-12-31T00:00:00+01:00,Malta,Availability of technical specifications of medical devices to support procurement or donations,EN,NA
591652,DEVICES20,COUNTRY,BLZ,YEAR,AMR,Americas,NA,2010,NA,NA,NA,NA,NA,NA,NA,No,0,NA,NA,NA,2013-06-11T14:01:25+02:00,2010,2010-01-01T00:00:00+01:00,2010-12-31T00:00:00+01:00,Belize,Availability of technical specifications of medical devices to support procurement or donations,EN,NA
8463444,DEVICES20,COUNTRY,CHL,YEAR,AMR,Americas,NA,2010,NA,NA,NA,NA,NA,NA,NA,No,0,NA,NA,NA,2013-06-11T14:01:25+02:00,2010,2010-01-01T00:00:00+01:00,2010-12-31T00:00:00+01:00,Chile,Availability of technical specifications of medical devices to support procurement or donations,EN,NA
8662779,DEVICES20,COUNTRY,ITA,YEAR,EUR,Europe,NA,2010,NA,NA,NA,NA,NA,NA,NA,Yes,0,NA,NA,NA,2013-06-11T14:01:25+02:00,2010,2010-01-01T00:00:00+01:00,2010-12-31T00:00:00+01:00,Italy,Availability of technical specifications of medical devices to support procurement or donations,EN,NA
9014125,DEVICES20,COUNTRY,MAR,YEAR,EMR,Eastern Mediterranean,NA,2010,NA,NA,NA,NA,NA,NA,NA,Yes but not publically available,0,NA,NA,NA,2013-06-11T14:01:25+02:00,2010,2010-01-01T00:00:00+01:00,2010-12-31T00:00:00+01:00,Morocco,Availability of technical specifications of medical devices to support procurement or donations,EN,NA
9233194,DEVICES20,COUNTRY,NOR,YEAR,EUR,Europe,NA,2010,NA,NA,NA,NA,NA,NA,NA,No,0,NA,NA,NA,2013-06-11T14:01:25+02:00,2010,2010-01-01T00:00:00+01:00,2010-12-31T00:00:00+01:00,Norway,Availability of technical specifications of medical devices to support procurement or donations,EN,NA
5404013,DEVICES20,COUNTRY,JAM,YEAR,AMR,Americas,NA,2010,NA,NA,NA,NA,NA,NA,NA,Yes but not publically available,0,NA,NA,NA,2013-06-11T14:01:25+02:00,2010,2010-01-01T00:00:00+01:00,2010-12-31T00:00:00+01:00,Jamaica,Availability of technical specifications of medical devices to support procurement or donations,EN,NA
4959014,DEVICES20,COUNTRY,OMN,YEAR,EMR,Eastern Mediterranean,NA,2010,NA,NA,NA,NA,NA,NA,NA,Yes but not publically available,0,NA,NA,NA,2013-06-11T14:01:25+02:00,2010,2010-01-01T00:00:00+01:00,2010-12-31T00:00:00+01:00,Oman,Availability of technical specifications of medical devices to support procurement or donations,EN,NA
8416989,DEVICES20,COUNTRY,NLD,YEAR,EUR,Europe,NA,2010,NA,NA,NA,NA,NA,NA,NA,Yes,0,NA,NA,NA,2013-06-11T14:01:25+02:00,2010,2010-01-01T00:00:00+01:00,2010-12-31T00:00:00+01:00,Netherlands (Kingdom of the),Availability of technical specifications of medical devices to support procurement or donations,EN,NA
5754756,DEVICES20,COUNTRY,ARM,YEAR,EUR,Europe,NA,2010,NA,NA,NA,NA,NA,NA,NA,Yes,0,NA,NA,NA,2013-06-11T14:01:25+02:00,2010,2010-01-01T00:00:00+01:00,2010-12-31T00:00:00+01:00,Armenia,Availability of technical specifications of medical devices to support procurement or donations,EN,NA
6538075,DEVICES20,COUNTRY,CZE,YEAR,EUR,Europe,NA,2010,NA,NA,NA,NA,NA,NA,NA,No,0,NA,NA,NA,2013-06-11T14:01:25+02:00,2010,2010-01-01T00:00:00+01:00,2010-12-31T00:00:00+01:00,Czechia,Availability of technical specifications of medical devices to support procurement or donations,EN,NA
5821461,DEVICES20,COUNTRY,TON,YEAR,WPR,Western Pacific,NA,2010,NA,NA,NA,NA,NA,NA,NA,Yes,0,NA,NA,NA,2013-06-11T14:01:25+02:00,2010,2010-01-01T00:00:00+01:00,2010-12-31T00:00:00+01:00,Tonga,Availability of technical specifications of medical devices to support procurement or donations,EN,NA
6392264,DEVICES20,COUNTRY,PRK,YEAR,SEAR,South-East Asia,NA,2010,NA,NA,NA,NA,NA,NA,NA,Yes,0,NA,NA,NA,2013-06-11T14:01:25+02:00,2010,2010-01-01T00:00:00+01:00,2010-12-31T00:00:00+01:00,Democratic People's Republic of Korea,Availability of technical specifications of medical devices to support procurement or donations,EN,NA
6936884,DEVICES20,COUNTRY,GMB,YEAR,AFR,Africa,NA,2010,NA,NA,NA,NA,NA,NA,NA,No,0,NA,NA,NA,2013-06-11T14:01:25+02:00,2010,2010-01-01T00:00:00+01:00,2010-12-31T00:00:00+01:00,Gambia,Availability of technical specifications of medical devices to support procurement or donations,EN,NA
3179580,DEVICES20,COUNTRY,NIC,YEAR,AMR,Americas,NA,2010,NA,NA,NA,NA,NA,NA,NA,No,0,NA,NA,NA,2013-06-11T14:01:25+02:00,2010,2010-01-01T00:00:00+01:00,2010-12-31T00:00:00+01:00,Nicaragua,Availability of technical specifications of medical devices to support procurement or donations,EN,NA
3040052,DEVICES20,COUNTRY,BTN,YEAR,SEAR,South-East Asia,NA,2010,NA,NA,NA,NA,NA,NA,NA,No,0,NA,NA,NA,2013-06-11T14:01:25+02:00,2010,2010-01-01T00:00:00+01:00,2010-12-31T00:00:00+01:00,Bhutan,Availability of technical specifications of medical devices to support procurement or donations,EN,NA
1773178,DEVICES20,COUNTRY,WSM,YEAR,WPR,Western Pacific,NA,2010,NA,NA,NA,NA,NA,NA,NA,Yes but not publically available,0,NA,NA,NA,2013-06-11T14:01:25+02:00,2010,2010-01-01T00:00:00+01:00,2010-12-31T00:00:00+01:00,Samoa,Availability of technical specifications of medical devices to support procurement or donations,EN,NA
6684566,DEVICES20,COUNTRY,STP,YEAR,AFR,Africa,NA,2010,NA,NA,NA,NA,NA,NA,NA,No,0,NA,NA,NA,2013-06-11T14:01:25+02:00,2010,2010-01-01T00:00:00+01:00,2010-12-31T00:00:00+01:00,Sao Tome and Principe,Availability of technical specifications of medical devices to support procurement or donations,EN,NA
3735369,DEVICES20,COUNTRY,ESP,YEAR,EUR,Europe,NA,2010,NA,NA,NA,NA,NA,NA,NA,No,0,NA,NA,NA,2013-06-11T14:01:25+02:00,2010,2010-01-01T00:00:00+01:00,2010-12-31T00:00:00+01:00,Spain,Availability of technical specifications of medical devices to support procurement or donations,EN,NA
4800326,DEVICES20,COUNTRY,SMR,YEAR,EUR,Europe,NA,2010,NA,NA,NA,NA,NA,NA,NA,No,0,NA,NA,NA,2013-06-11T14:01:25+02:00,2010,2010-01-01T00:00:00+01:00,2010-12-31T00:00:00+01:00,San Marino,Availability of technical specifications of medical devices to support procurement or donations,EN,NA
2409688,DEVICES20,COUNTRY,PHL,YEAR,WPR,Western Pacific,NA,2010,NA,NA,NA,NA,NA,NA,NA,Yes,0,NA,NA,NA,2013-06-11T14:01:25+02:00,2010,2010-01-01T00:00:00+01:00,2010-12-31T00:00:00+01:00,Philippines,Availability of technical specifications of medical devices to support procurement or donations,EN,NA
5788628,DEVICES20,COUNTRY,CHN,YEAR,WPR,Western Pacific,NA,2010,NA,NA,NA,NA,NA,NA,NA,No,0,NA,NA,NA,2013-06-11T14:01:25+02:00,2010,2010-01-01T00:00:00+01:00,2010-12-31T00:00:00+01:00,China,Availability of technical specifications of medical devices to support procurement or donations,EN,NA
1441244,DEVICES20,COUNTRY,CMR,YEAR,AFR,Africa,NA,2010,NA,NA,NA,NA,NA,NA,NA,Yes but not publically available,0,NA,NA,NA,2013-06-11T14:01:25+02:00,2010,2010-01-01T00:00:00+01:00,2010-12-31T00:00:00+01:00,Cameroon,Availability of technical specifications of medical devices to support procurement or donations,EN,NA
3898130,DEVICES20,COUNTRY,HTI,YEAR,AMR,Americas,NA,2010,NA,NA,NA,NA,NA,NA,NA,Yes but not publically available,0,NA,NA,NA,2013-06-11T14:01:25+02:00,2010,2010-01-01T00:00:00+01:00,2010-12-31T00:00:00+01:00,Haiti,Availability of technical specifications of medical devices to support procurement or donations,EN,NA
6028156,DEVICES20,COUNTRY,URY,YEAR,AMR,Americas,NA,2010,NA,NA,NA,NA,NA,NA,NA,No,0,NA,NA,NA,2013-06-11T14:01:25+02:00,2010,2010-01-01T00:00:00+01:00,2010-12-31T00:00:00+01:00,Uruguay,Availability of technical specifications of medical devices to support procurement or donations,EN,NA
4123775,DEVICES20,COUNTRY,FSM,YEAR,WPR,Western Pacific,NA,2010,NA,NA,NA,NA,NA,NA,NA,No,0,NA,NA,NA,2013-06-11T14:01:25+02:00,2010,2010-01-01T00:00:00+01:00,2010-12-31T00:00:00+01:00,Micronesia (Federated States of),Availability of technical specifications of medical devices to support procurement or donations,EN,NA
506457,DEVICES20,COUNTRY,MOZ,YEAR,AFR,Africa,NA,2010,NA,NA,NA,NA,NA,NA,NA,Yes but not publically available,0,NA,NA,NA,2013-06-11T14:01:25+02:00,2010,2010-01-01T00:00:00+01:00,2010-12-31T00:00:00+01:00,Mozambique,Availability of technical specifications of medical devices to support procurement or donations,EN,NA
127893,DEVICES20,COUNTRY,POL,YEAR,EUR,Europe,NA,2010,NA,NA,NA,NA,NA,NA,NA,No,0,NA,NA,NA,2013-06-11T14:01:25+02:00,2010,2010-01-01T00:00:00+01:00,2010-12-31T00:00:00+01:00,Poland,Availability of technical specifications of medical devices to support procurement or donations,EN,NA
6970796,DEVICES20,COUNTRY,GEO,YEAR,EUR,Europe,NA,2010,NA,NA,NA,NA,NA,NA,NA,No,0,NA,NA,NA,2013-06-11T14:01:25+02:00,2010,2010-01-01T00:00:00+01:00,2010-12-31T00:00:00+01:00,Georgia,Availability of technical specifications of medical devices to support procurement or donations,EN,NA
6778060,DEVICES20,COUNTRY,QAT,YEAR,EMR,Eastern Mediterranean,NA,2010,NA,NA,NA,NA,NA,NA,NA,Yes but not publically available,0,NA,NA,NA,2013-06-11T14:01:25+02:00,2010,2010-01-01T00:00:00+01:00,2010-12-31T00:00:00+01:00,Qatar,Availability of technical specifications of medical devices to support procurement or donations,EN,NA
7024155,DEVICES20,COUNTRY,MDG,YEAR,AFR,Africa,NA,2010,NA,NA,NA,NA,NA,NA,NA,Yes but not publically available,0,NA,NA,NA,2013-06-11T14:01:25+02:00,2010,2010-01-01T00:00:00+01:00,2010-12-31T00:00:00+01:00,Madagascar,Availability of technical specifications of medical devices to support procurement or donations,EN,NA
8650810,DEVICES20,COUNTRY,ZAF,YEAR,AFR,Africa,NA,2010,NA,NA,NA,NA,NA,NA,NA,Yes but not publically available,0,NA,NA,NA,2013-06-11T14:01:25+02:00,2010,2010-01-01T00:00:00+01:00,2010-12-31T00:00:00+01:00,South Africa,Availability of technical specifications of medical devices to support procurement or donations,EN,NA
4741386,DEVICES20,COUNTRY,TTO,YEAR,AMR,Americas,NA,2010,NA,NA,NA,NA,NA,NA,NA,Yes but not publically available,0,NA,NA,NA,2013-06-11T14:01:25+02:00,2010,2010-01-01T00:00:00+01:00,2010-12-31T00:00:00+01:00,Trinidad and Tobago,Availability of technical specifications of medical devices to support procurement or donations,EN,NA
4210772,DEVICES20,COUNTRY,SVN,YEAR,EUR,Europe,NA,2010,NA,NA,NA,NA,NA,NA,NA,No,0,NA,NA,NA,2013-06-11T14:01:25+02:00,2010,2010-01-01T00:00:00+01:00,2010-12-31T00:00:00+01:00,Slovenia,Availability of technical specifications of medical devices to support procurement or donations,EN,NA
1309377,DEVICES20,COUNTRY,ALB,YEAR,EUR,Europe,NA,2010,NA,NA,NA,NA,NA,NA,NA,No,0,NA,NA,NA,2013-06-11T14:01:25+02:00,2010,2010-01-01T00:00:00+01:00,2010-12-31T00:00:00+01:00,Albania,Availability of technical specifications of medical devices to support procurement or donations,EN,NA
3637394,DEVICES20,COUNTRY,BWA,YEAR,AFR,Africa,NA,2010,NA,NA,NA,NA,NA,NA,NA,Yes but not publically available,0,NA,NA,NA,2013-06-11T14:01:25+02:00,2010,2010-01-01T00:00:00+01:00,2010-12-31T00:00:00+01:00,Botswana,Availability of technical specifications of medical devices to support procurement or donations,EN,NA
3220775,DEVICES20,COUNTRY,MDV,YEAR,SEAR,South-East Asia,NA,2010,NA,NA,NA,NA,NA,NA,NA,Yes but not publically available,0,NA,NA,NA,2013-06-11T14:01:25+02:00,2010,2010-01-01T00:00:00+01:00,2010-12-31T00:00:00+01:00,Maldives,Availability of technical specifications of medical devices to support procurement or donations,EN,NA
984042,DEVICES20,COUNTRY,LTU,YEAR,EUR,Europe,NA,2010,NA,NA,NA,NA,NA,NA,NA,Yes,0,NA,NA,NA,2013-06-11T14:01:25+02:00,2010,2010-01-01T00:00:00+01:00,2010-12-31T00:00:00+01:00,Lithuania,Availability of technical specifications of medical devices to support procurement or donations,EN,NA
9347813,DEVICES20,COUNTRY,COG,YEAR,AFR,Africa,NA,2010,NA,NA,NA,NA,NA,NA,NA,No,0,NA,NA,NA,2013-06-11T14:01:25+02:00,2010,2010-01-01T00:00:00+01:00,2010-12-31T00:00:00+01:00,Congo,Availability of technical specifications of medical devices to support procurement or donations,EN,NA
4808035,DEVICES20,COUNTRY,TCD,YEAR,AFR,Africa,NA,2010,NA,NA,NA,NA,NA,NA,NA,No,0,NA,NA,NA,2013-06-11T14:01:25+02:00,2010,2010-01-01T00:00:00+01:00,2010-12-31T00:00:00+01:00,Chad,Availability of technical specifications of medical devices to support procurement or donations,EN,NA
6526684,DEVICES20,COUNTRY,GIN,YEAR,AFR,Africa,NA,2010,NA,NA,NA,NA,NA,NA,NA,No,0,NA,NA,NA,2013-06-11T14:01:25+02:00,2010,2010-01-01T00:00:00+01:00,2010-12-31T00:00:00+01:00,Guinea,Availability of technical specifications of medical devices to support procurement or donations,EN,NA
8564840,DEVICES20,COUNTRY,COM,YEAR,AFR,Africa,NA,2010,NA,NA,NA,NA,NA,NA,NA,No,0,NA,NA,NA,2013-06-11T14:01:25+02:00,2010,2010-01-01T00:00:00+01:00,2010-12-31T00:00:00+01:00,Comoros,Availability of technical specifications of medical devices to support procurement or donations,EN,NA
261361,DEVICES20,COUNTRY,TGO,YEAR,AFR,Africa,NA,2010,NA,NA,NA,NA,NA,NA,NA,No,0,NA,NA,NA,2013-06-11T14:01:25+02:00,2010,2010-01-01T00:00:00+01:00,2010-12-31T00:00:00+01:00,Togo,Availability of technical specifications of medical devices to support procurement or donations,EN,NA
5452193,DEVICES20,COUNTRY,SAU,YEAR,EMR,Eastern Mediterranean,NA,2010,NA,NA,NA,NA,NA,NA,NA,Yes,0,NA,NA,NA,2013-06-11T14:01:25+02:00,2010,2010-01-01T00:00:00+01:00,2010-12-31T00:00:00+01:00,Saudi Arabia,Availability of technical specifications of medical devices to support procurement or donations,EN,NA
5942539,DEVICES20,COUNTRY,BHS,YEAR,AMR,Americas,NA,2010,NA,NA,NA,NA,NA,NA,NA,No,0,NA,NA,NA,2013-06-11T14:01:25+02:00,2010,2010-01-01T00:00:00+01:00,2010-12-31T00:00:00+01:00,Bahamas,Availability of technical specifications of medical devices to support procurement or donations,EN,NA
2981816,DEVICES20,COUNTRY,KIR,YEAR,WPR,Western Pacific,NA,2010,NA,NA,NA,NA,NA,NA,NA,Yes,0,NA,NA,NA,2013-06-11T14:01:25+02:00,2010,2010-01-01T00:00:00+01:00,2010-12-31T00:00:00+01:00,Kiribati,Availability of technical specifications of medical devices to support procurement or donations,EN,NA
7229760,DEVICES20,COUNTRY,BLR,YEAR,EUR,Europe,NA,2010,NA,NA,NA,NA,NA,NA,NA,Yes,0,NA,NA,NA,2013-06-11T14:01:25+02:00,2010,2010-01-01T00:00:00+01:00,2010-12-31T00:00:00+01:00,Belarus,Availability of technical specifications of medical devices to support procurement or donations,EN,NA
2152393,DEVICES20,COUNTRY,SLB,YEAR,WPR,Western Pacific,NA,2010,NA,NA,NA,NA,NA,NA,NA,No,0,NA,NA,NA,2013-06-11T14:01:25+02:00,2010,2010-01-01T00:00:00+01:00,2010-12-31T00:00:00+01:00,Solomon Islands,Availability of technical specifications of medical devices to support procurement or donations,EN,NA
3274680,DEVICES20,COUNTRY,MLI,YEAR,AFR,Africa,NA,2010,NA,NA,NA,NA,NA,NA,NA,Yes but not publically available,0,NA,NA,NA,2013-06-11T14:01:25+02:00,2010,2010-01-01T00:00:00+01:00,2010-12-31T00:00:00+01:00,Mali,Availability of technical specifications of medical devices to support procurement or donations,EN,NA
1913421,DEVICES20,COUNTRY,LKA,YEAR,SEAR,South-East Asia,NA,2010,NA,NA,NA,NA,NA,NA,NA,Yes,0,NA,NA,NA,2013-06-11T14:01:25+02:00,2010,2010-01-01T00:00:00+01:00,2010-12-31T00:00:00+01:00,Sri Lanka,Availability of technical specifications of medical devices to support procurement or donations,EN,NA
4961017,DEVICES20,COUNTRY,ISR,YEAR,EUR,Europe,NA,2010,NA,NA,NA,NA,NA,NA,NA,Yes,0,NA,NA,NA,2013-06-11T14:01:25+02:00,2010,2010-01-01T00:00:00+01:00,2010-12-31T00:00:00+01:00,Israel,Availability of technical specifications of medical devices to support procurement or donations,EN,NA
8060674,DEVICES20,COUNTRY,LAO,YEAR,WPR,Western Pacific,NA,2010,NA,NA,NA,NA,NA,NA,NA,No,0,NA,NA,NA,2013-06-11T14:01:25+02:00,2010,2010-01-01T00:00:00+01:00,2010-12-31T00:00:00+01:00,Lao People's Democratic Republic,Availability of technical specifications of medical devices to support procurement or donations,EN,NA
2006377,DEVICES20,COUNTRY,TJK,YEAR,EUR,Europe,NA,2010,NA,NA,NA,NA,NA,NA,NA,Yes,0,NA,NA,NA,2013-06-11T14:01:25+02:00,2010,2010-01-01T00:00:00+01:00,2010-12-31T00:00:00+01:00,Tajikistan,Availability of technical specifications of medical devices to support procurement or donations,EN,NA
7223346,DEVICES20,COUNTRY,CAN,YEAR,AMR,Americas,NA,2010,NA,NA,NA,NA,NA,NA,NA,No,0,NA,NA,NA,2013-06-11T14:01:25+02:00,2010,2010-01-01T00:00:00+01:00,2010-12-31T00:00:00+01:00,Canada,Availability of technical specifications of medical devices to support procurement or donations,EN,NA
4464075,DEVICES20,COUNTRY,SDN,YEAR,EMR,Eastern Mediterranean,NA,2010,NA,NA,NA,NA,NA,NA,NA,Yes but not publically available,0,NA,NA,NA,2013-06-11T14:01:25+02:00,2010,2010-01-01T00:00:00+01:00,2010-12-31T00:00:00+01:00,Sudan,Availability of technical specifications of medical devices to support procurement or donations,EN,NA
6036265,DEVICES20,COUNTRY,SLV,YEAR,AMR,Americas,NA,2010,NA,NA,NA,NA,NA,NA,NA,Yes but not publically available,0,NA,NA,NA,2013-06-11T14:01:25+02:00,2010,2010-01-01T00:00:00+01:00,2010-12-31T00:00:00+01:00,El Salvador,Availability of technical specifications of medical devices to support procurement or donations,EN,NA
1170948,DEVICES20,COUNTRY,THA,YEAR,SEAR,South-East Asia,NA,2010,NA,NA,NA,NA,NA,NA,NA,Yes,0,NA,NA,NA,2013-06-11T14:01:25+02:00,2010,2010-01-01T00:00:00+01:00,2010-12-31T00:00:00+01:00,Thailand,Availability of technical specifications of medical devices to support procurement or donations,EN,NA
9614050,DEVICES20,COUNTRY,NPL,YEAR,SEAR,South-East Asia,NA,2010,NA,NA,NA,NA,NA,NA,NA,No,0,NA,NA,NA,2013-06-11T14:01:25+02:00,2010,2010-01-01T00:00:00+01:00,2010-12-31T00:00:00+01:00,Nepal,Availability of technical specifications of medical devices to support procurement or donations,EN,NA
1595662,DEVICES20,COUNTRY,KNA,YEAR,AMR,Americas,NA,2010,NA,NA,NA,NA,NA,NA,NA,No,0,NA,NA,NA,2013-06-11T14:01:25+02:00,2010,2010-01-01T00:00:00+01:00,2010-12-31T00:00:00+01:00,Saint Kitts and Nevis,Availability of technical specifications of medical devices to support procurement or donations,EN,NA
653938,DEVICES20,COUNTRY,CPV,YEAR,AFR,Africa,NA,2010,NA,NA,NA,NA,NA,NA,NA,No,0,NA,NA,NA,2013-06-11T14:01:25+02:00,2010,2010-01-01T00:00:00+01:00,2010-12-31T00:00:00+01:00,Cabo Verde,Availability of technical specifications of medical devices to support procurement or donations,EN,NA
5120833,DEVICES20,COUNTRY,COD,YEAR,AFR,Africa,NA,2010,NA,NA,NA,NA,NA,NA,NA,No,0,NA,NA,NA,2013-06-11T14:01:25+02:00,2010,2010-01-01T00:00:00+01:00,2010-12-31T00:00:00+01:00,Democratic Republic of the Congo,Availability of technical specifications of medical devices to support procurement or donations,EN,NA
494563,DEVICES20,COUNTRY,CUB,YEAR,AMR,Americas,NA,2010,NA,NA,NA,NA,NA,NA,NA,Yes but not publically available,0,NA,NA,NA,2013-06-11T14:01:25+02:00,2010,2010-01-01T00:00:00+01:00,2010-12-31T00:00:00+01:00,Cuba,Availability of technical specifications of medical devices to support procurement or donations,EN,NA
6945800,DEVICES20,COUNTRY,BDI,YEAR,AFR,Africa,NA,2010,NA,NA,NA,NA,NA,NA,NA,Yes but not publically available,0,NA,NA,NA,2013-06-11T14:01:25+02:00,2010,2010-01-01T00:00:00+01:00,2010-12-31T00:00:00+01:00,Burundi,Availability of technical specifications of medical devices to support procurement or donations,EN,NA
1529361,DEVICES20,COUNTRY,SLE,YEAR,AFR,Africa,NA,2010,NA,NA,NA,NA,NA,NA,NA,No,0,NA,NA,NA,2013-06-11T14:01:25+02:00,2010,2010-01-01T00:00:00+01:00,2010-12-31T00:00:00+01:00,Sierra Leone,Availability of technical specifications of medical devices to support procurement or donations,EN,NA
1064791,DEVICES20,COUNTRY,ZWE,YEAR,AFR,Africa,NA,2010,NA,NA,NA,NA,NA,NA,NA,Yes,0,NA,NA,NA,2013-06-11T14:01:25+02:00,2010,2010-01-01T00:00:00+01:00,2010-12-31T00:00:00+01:00,Zimbabwe,Availability of technical specifications of medical devices to support procurement or donations,EN,NA
1137981,DEVICES20,COUNTRY,BRA,YEAR,AMR,Americas,NA,2010,NA,NA,NA,NA,NA,NA,NA,Yes,0,NA,NA,NA,2013-06-11T14:01:25+02:00,2010,2010-01-01T00:00:00+01:00,2010-12-31T00:00:00+01:00,Brazil,Availability of technical specifications of medical devices to support procurement or donations,EN,NA
7582412,DEVICES20,COUNTRY,PNG,YEAR,WPR,Western Pacific,NA,2010,NA,NA,NA,NA,NA,NA,NA,Yes but not publically available,0,NA,NA,NA,2013-06-11T14:01:25+02:00,2010,2010-01-01T00:00:00+01:00,2010-12-31T00:00:00+01:00,Papua New Guinea,Availability of technical specifications of medical devices to support procurement or donations,EN,NA
4351600,DEVICES20,COUNTRY,HUN,YEAR,EUR,Europe,NA,2010,NA,NA,NA,NA,NA,NA,NA,No,0,NA,NA,NA,2013-06-11T14:01:25+02:00,2010,2010-01-01T00:00:00+01:00,2010-12-31T00:00:00+01:00,Hungary,Availability of technical specifications of medical devices to support procurement or donations,EN,NA
295705,DEVICES20,COUNTRY,SUR,YEAR,AMR,Americas,NA,2010,NA,NA,NA,NA,NA,NA,NA,No,0,NA,NA,NA,2013-06-11T14:01:25+02:00,2010,2010-01-01T00:00:00+01:00,2010-12-31T00:00:00+01:00,Suriname,Availability of technical specifications of medical devices to support procurement or donations,EN,NA
6203018,DEVICES20,COUNTRY,LCA,YEAR,AMR,Americas,NA,2010,NA,NA,NA,NA,NA,NA,NA,No,0,NA,NA,NA,2013-06-11T14:01:25+02:00,2010,2010-01-01T00:00:00+01:00,2010-12-31T00:00:00+01:00,Saint Lucia,Availability of technical specifications of medical devices to support procurement or donations,EN,NA
7968396,DEVICES20,COUNTRY,KEN,YEAR,AFR,Africa,NA,2010,NA,NA,NA,NA,NA,NA,NA,Yes but not publically available,0,NA,NA,NA,2013-06-11T14:01:25+02:00,2010,2010-01-01T00:00:00+01:00,2010-12-31T00:00:00+01:00,Kenya,Availability of technical specifications of medical devices to support procurement or donations,EN,NA
5313497,DEVICES20,COUNTRY,DMA,YEAR,AMR,Americas,NA,2010,NA,NA,NA,NA,NA,NA,NA,No,0,NA,NA,NA,2013-06-11T14:01:25+02:00,2010,2010-01-01T00:00:00+01:00,2010-12-31T00:00:00+01:00,Dominica,Availability of technical specifications of medical devices to support procurement or donations,EN,NA
3652173,DEVICES20,COUNTRY,LUX,YEAR,EUR,Europe,NA,2010,NA,NA,NA,NA,NA,NA,NA,No,0,NA,NA,NA,2013-06-11T14:01:25+02:00,2010,2010-01-01T00:00:00+01:00,2010-12-31T00:00:00+01:00,Luxembourg,Availability of technical specifications of medical devices to support procurement or donations,EN,NA
6600779,DEVICES20,COUNTRY,GNB,YEAR,AFR,Africa,NA,2010,NA,NA,NA,NA,NA,NA,NA,No,0,NA,NA,NA,2013-06-11T14:01:25+02:00,2010,2010-01-01T00:00:00+01:00,2010-12-31T00:00:00+01:00,Guinea-Bissau,Availability of technical specifications of medical devices to support procurement or donations,EN,NA
6879840,DEVICES20,COUNTRY,CYP,YEAR,EUR,Europe,NA,2010,NA,NA,NA,NA,NA,NA,NA,No,0,NA,NA,NA,2013-06-11T14:01:25+02:00,2010,2010-01-01T00:00:00+01:00,2010-12-31T00:00:00+01:00,Cyprus,Availability of technical specifications of medical devices to support procurement or donations,EN,NA
6183271,DEVICES20,COUNTRY,PAN,YEAR,AMR,Americas,NA,2010,NA,NA,NA,NA,NA,NA,NA,Yes,0,NA,NA,NA,2013-06-11T14:01:25+02:00,2010,2010-01-01T00:00:00+01:00,2010-12-31T00:00:00+01:00,Panama,Availability of technical specifications of medical devices to support procurement or donations,EN,NA
4915957,DEVICES20,COUNTRY,DNK,YEAR,EUR,Europe,NA,2010,NA,NA,NA,NA,NA,NA,NA,No,0,NA,NA,NA,2013-06-11T14:01:25+02:00,2010,2010-01-01T00:00:00+01:00,2010-12-31T00:00:00+01:00,Denmark,Availability of technical specifications of medical devices to support procurement or donations,EN,NA
5387211,DEVICES20,COUNTRY,BFA,YEAR,AFR,Africa,NA,2010,NA,NA,NA,NA,NA,NA,NA,No,0,NA,NA,NA,2013-06-11T14:01:25+02:00,2010,2010-01-01T00:00:00+01:00,2010-12-31T00:00:00+01:00,Burkina Faso,Availability of technical specifications of medical devices to support procurement or donations,EN,NA
7270986,DEVICES20,COUNTRY,PAK,YEAR,EMR,Eastern Mediterranean,NA,2010,NA,NA,NA,NA,NA,NA,NA,Yes,0,NA,NA,NA,2013-06-11T14:01:25+02:00,2010,2010-01-01T00:00:00+01:00,2010-12-31T00:00:00+01:00,Pakistan,Availability of technical specifications of medical devices to support procurement or donations,EN,NA
6063975,DEVICES20,COUNTRY,USA,YEAR,AMR,Americas,NA,2010,NA,NA,NA,NA,NA,NA,NA,No,0,NA,NA,NA,2013-06-11T14:01:25+02:00,2010,2010-01-01T00:00:00+01:00,2010-12-31T00:00:00+01:00,United States of America,Availability of technical specifications of medical devices to support procurement or donations,EN,NA
2412425,DEVICES20,COUNTRY,BGR,YEAR,EUR,Europe,NA,2010,NA,NA,NA,NA,NA,NA,NA,No,0,NA,NA,NA,2013-06-11T14:01:25+02:00,2010,2010-01-01T00:00:00+01:00,2010-12-31T00:00:00+01:00,Bulgaria,Availability of technical specifications of medical devices to support procurement or donations,EN,NA
4305680,DEVICES20,COUNTRY,PRY,YEAR,AMR,Americas,NA,2010,NA,NA,NA,NA,NA,NA,NA,No,0,NA,NA,NA,2013-06-11T14:01:25+02:00,2010,2010-01-01T00:00:00+01:00,2010-12-31T00:00:00+01:00,Paraguay,Availability of technical specifications of medical devices to support procurement or donations,EN,NA
1716266,DEVICES20,COUNTRY,FRA,YEAR,EUR,Europe,NA,2010,NA,NA,NA,NA,NA,NA,NA,Yes,0,NA,NA,NA,2013-06-11T14:01:25+02:00,2010,2010-01-01T00:00:00+01:00,2010-12-31T00:00:00+01:00,France,Availability of technical specifications of medical devices to support procurement or donations,EN,NA
263079,DEVICES20,COUNTRY,CRI,YEAR,AMR,Americas,NA,2010,NA,NA,NA,NA,NA,NA,NA,No,0,NA,NA,NA,2013-06-11T14:01:25+02:00,2010,2010-01-01T00:00:00+01:00,2010-12-31T00:00:00+01:00,Costa Rica,Availability of technical specifications of medical devices to support procurement or donations,EN,NA
3540685,DEVICES20,COUNTRY,AZE,YEAR,EUR,Europe,NA,2010,NA,NA,NA,NA,NA,NA,NA,No,0,NA,NA,NA,2013-06-11T14:01:25+02:00,2010,2010-01-01T00:00:00+01:00,2010-12-31T00:00:00+01:00,Azerbaijan,Availability of technical specifications of medical devices to support procurement or donations,EN,NA
2000921,DEVICES20,COUNTRY,AUT,YEAR,EUR,Europe,NA,2010,NA,NA,NA,NA,NA,NA,NA,Yes but not publically available,0,NA,NA,NA,2013-06-11T14:01:25+02:00,2010,2010-01-01T00:00:00+01:00,2010-12-31T00:00:00+01:00,Austria,Availability of technical specifications of medical devices to support procurement or donations,EN,NA
6170427,DEVICES20,COUNTRY,MUS,YEAR,AFR,Africa,NA,2010,NA,NA,NA,NA,NA,NA,NA,Yes but not publically available,0,NA,NA,NA,2013-06-11T14:01:25+02:00,2010,2010-01-01T00:00:00+01:00,2010-12-31T00:00:00+01:00,Mauritius,Availability of technical specifications of medical devices to support procurement or donations,EN,NA
3315684,DEVICES20,COUNTRY,COL,YEAR,AMR,Americas,NA,2010,NA,NA,NA,NA,NA,NA,NA,No,0,NA,NA,NA,2013-06-11T14:01:25+02:00,2010,2010-01-01T00:00:00+01:00,2010-12-31T00:00:00+01:00,Colombia,Availability of technical specifications of medical devices to support procurement or donations,EN,NA
5758143,DEVICES20,COUNTRY,NRU,YEAR,WPR,Western Pacific,NA,2010,NA,NA,NA,NA,NA,NA,NA,No,0,NA,NA,NA,2013-06-11T14:01:25+02:00,2010,2010-01-01T00:00:00+01:00,2010-12-31T00:00:00+01:00,Nauru,Availability of technical specifications of medical devices to support procurement or donations,EN,NA
4617618,DEVICES20,COUNTRY,NER,YEAR,AFR,Africa,NA,2010,NA,NA,NA,NA,NA,NA,NA,Yes but not publically available,0,NA,NA,NA,2013-06-11T14:01:25+02:00,2010,2010-01-01T00:00:00+01:00,2010-12-31T00:00:00+01:00,Niger,Availability of technical specifications of medical devices to support procurement or donations,EN,NA
7151908,DEVICES20,COUNTRY,AGO,YEAR,AFR,Africa,NA,2010,NA,NA,NA,NA,NA,NA,NA,No,0,NA,NA,NA,2013-06-11T14:01:25+02:00,2010,2010-01-01T00:00:00+01:00,2010-12-31T00:00:00+01:00,Angola,Availability of technical specifications of medical devices to support procurement or donations,EN,NA
4591028,DEVICES20,COUNTRY,AFG,YEAR,EMR,Eastern Mediterranean,NA,2010,NA,NA,NA,NA,NA,NA,NA,Yes but not publically available,0,NA,NA,NA,2013-06-11T14:01:25+02:00,2010,2010-01-01T00:00:00+01:00,2010-12-31T00:00:00+01:00,Afghanistan,Availability of technical specifications of medical devices to support procurement or donations,EN,NA
9383188,DEVICES20,COUNTRY,SWZ,YEAR,AFR,Africa,NA,2010,NA,NA,NA,NA,NA,NA,NA,No,0,NA,NA,NA,2013-06-11T14:01:25+02:00,2010,2010-01-01T00:00:00+01:00,2010-12-31T00:00:00+01:00,Eswatini,Availability of technical specifications of medical devices to support procurement or donations,EN,NA
2717454,DEVICES20,COUNTRY,SEN,YEAR,AFR,Africa,NA,2010,NA,NA,NA,NA,NA,NA,NA,Yes but not publically available,0,NA,NA,NA,2013-06-11T14:01:25+02:00,2010,2010-01-01T00:00:00+01:00,2010-12-31T00:00:00+01:00,Senegal,Availability of technical specifications of medical devices to support procurement or donations,EN,NA
5022282,DEVICES20,COUNTRY,IRL,YEAR,EUR,Europe,NA,2010,NA,NA,NA,NA,NA,NA,NA,Yes but not publically available,0,NA,NA,NA,2013-06-11T14:01:25+02:00,2010,2010-01-01T00:00:00+01:00,2010-12-31T00:00:00+01:00,Ireland,Availability of technical specifications of medical devices to support procurement or donations,EN,NA
7783081,DEVICES20,COUNTRY,JOR,YEAR,EMR,Eastern Mediterranean,NA,2010,NA,NA,NA,NA,NA,NA,NA,Yes but not publically available,0,NA,NA,NA,2013-06-11T14:01:25+02:00,2010,2010-01-01T00:00:00+01:00,2010-12-31T00:00:00+01:00,Jordan,Availability of technical specifications of medical devices to support procurement or donations,EN,NA
2957037,DEVICES20,COUNTRY,SRB,YEAR,EUR,Europe,NA,2010,NA,NA,NA,NA,NA,NA,NA,No,0,NA,NA,NA,2013-06-11T14:01:25+02:00,2010,2010-01-01T00:00:00+01:00,2010-12-31T00:00:00+01:00,Serbia,Availability of technical specifications of medical devices to support procurement or donations,EN,NA
3256446,DEVICES20,COUNTRY,HRV,YEAR,EUR,Europe,NA,2010,NA,NA,NA,NA,NA,NA,NA,No,0,NA,NA,NA,2013-06-11T14:01:25+02:00,2010,2010-01-01T00:00:00+01:00,2010-12-31T00:00:00+01:00,Croatia,Availability of technical specifications of medical devices to support procurement or donations,EN,NA
562517,DEVICES20,COUNTRY,FIN,YEAR,EUR,Europe,NA,2010,NA,NA,NA,NA,NA,NA,NA,No,0,NA,NA,NA,2013-06-11T14:01:25+02:00,2010,2010-01-01T00:00:00+01:00,2010-12-31T00:00:00+01:00,Finland,Availability of technical specifications of medical devices to support procurement or donations,EN,NA
6170952,DEVICES20,COUNTRY,MYS,YEAR,WPR,Western Pacific,NA,2010,NA,NA,NA,NA,NA,NA,NA,No,0,NA,NA,NA,2013-06-11T14:01:25+02:00,2010,2010-01-01T00:00:00+01:00,2010-12-31T00:00:00+01:00,Malaysia,Availability of technical specifications of medical devices to support procurement or donations,EN,NA
6993686,DEVICES20,COUNTRY,GUY,YEAR,AMR,Americas,NA,2010,NA,NA,NA,NA,NA,NA,NA,No,0,NA,NA,NA,2013-06-11T14:01:25+02:00,2010,2010-01-01T00:00:00+01:00,2010-12-31T00:00:00+01:00,Guyana,Availability of technical specifications of medical devices to support procurement or donations,EN,NA
5374711,DEVICES20,COUNTRY,BEN,YEAR,AFR,Africa,NA,2010,NA,NA,NA,NA,NA,NA,NA,Yes,0,NA,NA,NA,2013-06-11T14:01:25+02:00,2010,2010-01-01T00:00:00+01:00,2010-12-31T00:00:00+01:00,Benin,Availability of technical specifications of medical devices to support procurement or donations,EN,NA
886844,DEVICES20,COUNTRY,KAZ,YEAR,EUR,Europe,NA,2010,NA,NA,NA,NA,NA,NA,NA,Yes,0,NA,NA,NA,2013-06-11T14:01:25+02:00,2010,2010-01-01T00:00:00+01:00,2010-12-31T00:00:00+01:00,Kazakhstan,Availability of technical specifications of medical devices to support procurement or donations,EN,NA
4810479,DEVICES20,COUNTRY,VNM,YEAR,WPR,Western Pacific,NA,2010,NA,NA,NA,NA,NA,NA,NA,"Yes, but not publically available ",0,NA,NA,NA,2013-06-11T14:01:25+02:00,2010,2010-01-01T00:00:00+01:00,2010-12-31T00:00:00+01:00,Viet Nam,Availability of technical specifications of medical devices to support procurement or donations,EN,NA
6967173,DEVICES20,COUNTRY,TUR,YEAR,EUR,Europe,NA,2010,NA,NA,NA,NA,NA,NA,NA,No,0,NA,NA,NA,2013-06-11T14:01:25+02:00,2010,2010-01-01T00:00:00+01:00,2010-12-31T00:00:00+01:00,TÃ¼rkiye,Availability of technical specifications of medical devices to support procurement or donations,EN,NA
6330010,DEVICES20,COUNTRY,SGP,YEAR,WPR,Western Pacific,NA,2010,NA,NA,NA,NA,NA,NA,NA,No,0,NA,NA,NA,2013-06-11T14:01:25+02:00,2010,2010-01-01T00:00:00+01:00,2010-12-31T00:00:00+01:00,Singapore,Availability of technical specifications of medical devices to support procurement or donations,EN,NA
1717035,DEVICES20,COUNTRY,DOM,YEAR,AMR,Americas,NA,2010,NA,NA,NA,NA,NA,NA,NA,No,0,NA,NA,NA,2013-06-11T14:01:25+02:00,2010,2010-01-01T00:00:00+01:00,2010-12-31T00:00:00+01:00,Dominican Republic,Availability of technical specifications of medical devices to support procurement or donations,EN,NA
642424,DEVICES20,COUNTRY,GRD,YEAR,AMR,Americas,NA,2010,NA,NA,NA,NA,NA,NA,NA,Yes but not publically available,0,NA,NA,NA,2013-06-11T14:01:25+02:00,2010,2010-01-01T00:00:00+01:00,2010-12-31T00:00:00+01:00,Grenada,Availability of technical specifications of medical devices to support procurement or donations,EN,NA
6144581,DEVICES20,COUNTRY,GAB,YEAR,AFR,Africa,NA,2010,NA,NA,NA,NA,NA,NA,NA,No,0,NA,NA,NA,2013-06-11T14:01:25+02:00,2010,2010-01-01T00:00:00+01:00,2010-12-31T00:00:00+01:00,Gabon,Availability of technical specifications of medical devices to support procurement or donations,EN,NA
2758073,DEVICES20,COUNTRY,TZA,YEAR,AFR,Africa,NA,2010,NA,NA,NA,NA,NA,NA,NA,No,0,NA,NA,NA,2013-06-11T14:01:25+02:00,2010,2010-01-01T00:00:00+01:00,2010-12-31T00:00:00+01:00,United Republic of Tanzania,Availability of technical specifications of medical devices to support procurement or donations,EN,NA
8540922,DEVICES20,COUNTRY,LBY,YEAR,EMR,Eastern Mediterranean,NA,2010,NA,NA,NA,NA,NA,NA,NA,No,0,NA,NA,NA,2013-06-11T14:01:25+02:00,2010,2010-01-01T00:00:00+01:00,2010-12-31T00:00:00+01:00,Libya,Availability of technical specifications of medical devices to support procurement or donations,EN,NA
6980806,DEVICES20,COUNTRY,EGY,YEAR,EMR,Eastern Mediterranean,NA,2010,NA,NA,NA,NA,NA,NA,NA,Yes,0,NA,NA,NA,2013-06-11T14:01:25+02:00,2010,2010-01-01T00:00:00+01:00,2010-12-31T00:00:00+01:00,Egypt,Availability of technical specifications of medical devices to support procurement or donations,EN,NA
6628843,DEVICES20,COUNTRY,IRQ,YEAR,EMR,Eastern Mediterranean,NA,2010,NA,NA,NA,NA,NA,NA,NA,Yes but not publically available,0,NA,NA,NA,2013-06-11T14:01:25+02:00,2010,2010-01-01T00:00:00+01:00,2010-12-31T00:00:00+01:00,Iraq,Availability of technical specifications of medical devices to support procurement or donations,EN,NA
4074896,DEVICES20,COUNTRY,SVK,YEAR,EUR,Europe,NA,2010,NA,NA,NA,NA,NA,NA,NA,No,0,NA,NA,NA,2013-06-11T14:01:25+02:00,2010,2010-01-01T00:00:00+01:00,2010-12-31T00:00:00+01:00,Slovakia,Availability of technical specifications of medical devices to support procurement or donations,EN,NA
3779515,DEVICES20,COUNTRY,ECU,YEAR,AMR,Americas,NA,2010,NA,NA,NA,NA,NA,NA,NA,"Yes, but not publically available",0,NA,NA,NA,2013-06-11T14:01:25+02:00,2010,2010-01-01T00:00:00+01:00,2010-12-31T00:00:00+01:00,Ecuador,Availability of technical specifications of medical devices to support procurement or donations,EN,NA
6788302,DEVICES20,COUNTRY,GHA,YEAR,AFR,Africa,NA,2010,NA,NA,NA,NA,NA,NA,NA,Yes,0,NA,NA,NA,2013-06-11T14:01:25+02:00,2010,2010-01-01T00:00:00+01:00,2010-12-31T00:00:00+01:00,Ghana,Availability of technical specifications of medical devices to support procurement or donations,EN,NA
7717799,DEVICES20,COUNTRY,UGA,YEAR,AFR,Africa,NA,2010,NA,NA,NA,NA,NA,NA,NA,Yes but not publically available,0,NA,NA,NA,2013-06-11T14:01:25+02:00,2010,2010-01-01T00:00:00+01:00,2010-12-31T00:00:00+01:00,Uganda,Availability of technical specifications of medical devices to support procurement or donations,EN,NA
3250776,DEVICES20,COUNTRY,ATG,YEAR,AMR,Americas,NA,2010,NA,NA,NA,NA,NA,NA,NA,No,0,NA,NA,NA,2013-06-11T14:01:25+02:00,2010,2010-01-01T00:00:00+01:00,2010-12-31T00:00:00+01:00,Antigua and Barbuda,Availability of technical specifications of medical devices to support procurement or donations,EN,NA
7378812,DEVICES20,COUNTRY,ETH,YEAR,AFR,Africa,NA,2010,NA,NA,NA,NA,NA,NA,NA,No,0,NA,NA,NA,2013-06-11T14:01:25+02:00,2010,2010-01-01T00:00:00+01:00,2010-12-31T00:00:00+01:00,Ethiopia,Availability of technical specifications of medical devices to support procurement or donations,EN,NA
3104500,DEVICES20,COUNTRY,MHL,YEAR,WPR,Western Pacific,NA,2010,NA,NA,NA,NA,NA,NA,NA,No,0,NA,NA,NA,2013-06-11T14:01:25+02:00,2010,2010-01-01T00:00:00+01:00,2010-12-31T00:00:00+01:00,Marshall Islands,Availability of technical specifications of medical devices to support procurement or donations,EN,NA
1604877,DEVICES20,COUNTRY,MRT,YEAR,AFR,Africa,NA,2010,NA,NA,NA,NA,NA,NA,NA,No,0,NA,NA,NA,2013-06-11T14:01:25+02:00,2010,2010-01-01T00:00:00+01:00,2010-12-31T00:00:00+01:00,Mauritania,Availability of technical specifications of medical devices to support procurement or donations,EN,NA
9464068,DEVICES20,COUNTRY,BEL,YEAR,EUR,Europe,NA,2010,NA,NA,NA,NA,NA,NA,NA,Yes,0,NA,NA,NA,2013-06-11T14:01:25+02:00,2010,2010-01-01T00:00:00+01:00,2010-12-31T00:00:00+01:00,Belgium,Availability of technical specifications of medical devices to support procurement or donations,EN,NA
7731351,DEVICES20,COUNTRY,HND,YEAR,AMR,Americas,NA,2010,NA,NA,NA,NA,NA,NA,NA,No,0,NA,NA,NA,2013-06-11T14:01:25+02:00,2010,2010-01-01T00:00:00+01:00,2010-12-31T00:00:00+01:00,Honduras,Availability of technical specifications of medical devices to support procurement or donations,EN,NA
9590196,DEVICES20,COUNTRY,ERI,YEAR,AFR,Africa,NA,2010,NA,NA,NA,NA,NA,NA,NA,No,0,NA,NA,NA,2013-06-11T14:01:25+02:00,2010,2010-01-01T00:00:00+01:00,2010-12-31T00:00:00+01:00,Eritrea,Availability of technical specifications of medical devices to support procurement or donations,EN,NA
50,DEVICES20,COUNTRY,MMR,YEAR,SEAR,South-East Asia,NA,2010,NA,NA,NA,NA,NA,NA,NA,Yes but not publically available,0,NA,NA,NA,2013-06-11T14:01:25+02:00,2010,2010-01-01T00:00:00+01:00,2010-12-31T00:00:00+01:00,Myanmar,Availability of technical specifications of medical devices to support procurement or donations,EN,NA
78819,DEVICES20,COUNTRY,UKR,YEAR,EUR,Europe,NA,2010,NA,NA,NA,NA,NA,NA,NA,No,0,NA,NA,NA,2013-06-11T14:01:25+02:00,2010,2010-01-01T00:00:00+01:00,2010-12-31T00:00:00+01:00,Ukraine,Availability of technical specifications of medical devices to support procurement or donations,EN,NA
165118,DEVICES20,COUNTRY,VCT,YEAR,AMR,Americas,NA,2010,NA,NA,NA,NA,NA,NA,NA,No,0,NA,NA,NA,2013-06-11T14:01:25+02:00,2010,2010-01-01T00:00:00+01:00,2010-12-31T00:00:00+01:00,Saint Vincent and the Grenadines,Availability of technical specifications of medical devices to support procurement or donations,EN,NA
2427411,DEVICES20,COUNTRY,VUT,YEAR,WPR,Western Pacific,NA,2010,NA,NA,NA,NA,NA,NA,NA,No,0,NA,NA,NA,2013-06-11T14:01:25+02:00,2010,2010-01-01T00:00:00+01:00,2010-12-31T00:00:00+01:00,Vanuatu,Availability of technical specifications of medical devices to support procurement or donations,EN,NA
9039310,DEVICES20,COUNTRY,LBR,YEAR,AFR,Africa,NA,2010,NA,NA,NA,NA,NA,NA,NA,No,0,NA,NA,NA,2013-06-11T14:01:25+02:00,2010,2010-01-01T00:00:00+01:00,2010-12-31T00:00:00+01:00,Liberia,Availability of technical specifications of medical devices to support procurement or donations,EN,NA
9172147,DEVICES20,COUNTRY,LBN,YEAR,EMR,Eastern Mediterranean,NA,2010,NA,NA,NA,NA,NA,NA,NA,Yes but not publically available,0,NA,NA,NA,2013-06-11T14:01:25+02:00,2010,2010-01-01T00:00:00+01:00,2010-12-31T00:00:00+01:00,Lebanon,Availability of technical specifications of medical devices to support procurement or donations,EN,NA
577274,DEVICES20,COUNTRY,FJI,YEAR,WPR,Western Pacific,NA,2010,NA,NA,NA,NA,NA,NA,NA,Yes,0,NA,NA,NA,2013-06-11T14:01:25+02:00,2010,2010-01-01T00:00:00+01:00,2010-12-31T00:00:00+01:00,Fiji,Availability of technical specifications of medical devices to support procurement or donations,EN,NA
6808913,DEVICES20,COUNTRY,RUS,YEAR,EUR,Europe,NA,2010,NA,NA,NA,NA,NA,NA,NA,Yes but not publically available,0,NA,NA,NA,2013-06-11T14:01:25+02:00,2010,2010-01-01T00:00:00+01:00,2010-12-31T00:00:00+01:00,Russian Federation,Availability of technical specifications of medical devices to support procurement or donations,EN,NA
245031,DEVICES20,COUNTRY,LVA,YEAR,EUR,Europe,NA,2010,NA,NA,NA,NA,NA,NA,NA,No,0,NA,NA,NA,2013-06-11T14:01:25+02:00,2010,2010-01-01T00:00:00+01:00,2010-12-31T00:00:00+01:00,Latvia,Availability of technical specifications of medical devices to support procurement or donations,EN,NA
7565182,DEVICES20,COUNTRY,PER,YEAR,AMR,Americas,NA,2010,NA,NA,NA,NA,NA,NA,NA,No,0,NA,NA,NA,2013-06-11T14:01:25+02:00,2010,2010-01-01T00:00:00+01:00,2010-12-31T00:00:00+01:00,Peru,Availability of technical specifications of medical devices to support procurement or donations,EN,NA
8880310,DEVICES20,COUNTRY,MEX,YEAR,AMR,Americas,NA,2010,NA,NA,NA,NA,NA,NA,NA,Yes,0,NA,NA,NA,2013-06-11T14:01:25+02:00,2010,2010-01-01T00:00:00+01:00,2010-12-31T00:00:00+01:00,Mexico,Availability of technical specifications of medical devices to support procurement or donations,EN,NA
5296199,DEVICES20,COUNTRY,CHE,YEAR,EUR,Europe,NA,2010,NA,NA,NA,NA,NA,NA,NA,Yes,0,NA,NA,NA,2013-06-11T14:01:25+02:00,2010,2010-01-01T00:00:00+01:00,2010-12-31T00:00:00+01:00,Switzerland,Availability of technical specifications of medical devices to support procurement or donations,EN,NA
7512175,DEVICES20,COUNTRY,YEM,YEAR,EMR,Eastern Mediterranean,NA,2010,NA,NA,NA,NA,NA,NA,NA,Yes but not publically available,0,NA,NA,NA,2013-06-11T14:01:25+02:00,2010,2010-01-01T00:00:00+01:00,2010-12-31T00:00:00+01:00,Yemen,Availability of technical specifications of medical devices to support procurement or donations,EN,NA
6066203,DEVICES20,COUNTRY,NZL,YEAR,WPR,Western Pacific,NA,2010,NA,NA,NA,NA,NA,NA,NA,No,0,NA,NA,NA,2013-06-11T14:01:25+02:00,2010,2010-01-01T00:00:00+01:00,2010-12-31T00:00:00+01:00,New Zealand,Availability of technical specifications of medical devices to support procurement or donations,EN,NA
